 -- Insert into USER Table
 INSERT INTO USER (userName, password, firstName, lastName, emailAddress, phoneNumber, registrationDate, streetNo,
			streetName, city, state, zipCode)
VALUES 	('bookBoy123', 'booksAreFun1', 'Book', 'Boy', 'bookBoy@gmail.com', '1234567890', '2024-02-15', 10, 'Elm Street', 'Allentown', 'PA', '12345'),
		('nomadWoman', 'nomad12345', 'Julie', 'Wander', 'julienomad@gmail.com', '9801238473', '2024-02-21', 206, 'Washington Road', 'Marlboro', 'VA', '90176'),
		('judyBoots', 'bigboots87542', 'Judy', 'Plain', 'jusyplain@gmail.com', '7658940166', '2024-01-01', 935, 'Alpine Lane', 'Aspen', 'CO', '65090'),
		('alGal3', 'alIsAGal65', 'Allen', 'Galin', 'allengalin@aol.com', '4380973737', '2024-01-11', 670, 'Pine Drive', 'Gatlinburg', 'TN', '39485'),
		('jeffyjeff', 'jefferSon1', 'Jeffrey', 'Jefferson', 'jeffreyjeff@yahoo.com', '4300987282', '2024-02-15', 532, 'Drexel Boulevard', 'North Platte', 'NE', '54910'),
		('zachMack', 'mackie754', 'Zach', 'Mack', 'zachmack@gmail.com', '3029657472', '2024-02-15', 10, 'Downing Street', 'London', 'AL', '32200'),
		('saraSmith', 'sara123', 'Sara', 'Smith', 'sara.smith@gmail.com', '1234567890', '2024-02-20', 123, 'Main Street', 'Springfield', 'IL', '62701'),
              ('markBarker', 'barker456', 'Mark', 'Barker', 'mark.barker@yahoo.com', '9876543210', '2024-02-18', 456, 'Oak Avenue', 'Portland', 'OR', '97205'),
              ('lisaLopez', 'lisa789', 'Lisa', 'Lopez', 'lisa.lopez@aol.com', '5556667777', '2024-02-19', 789, 'Cedar Street', 'San Diego', 'CA', '92101'),
		('samJohnson', 'sam123', 'Sam', 'Johnson', 'sam.johnson@yahoo.com', '9876543210', '2024-02-21', 111, 'Maple Street', 'Seattle', 'WA', '98101'),
              ('emilyWhite', 'emily456', 'Emily', 'White', 'emily.white@gmail.com', '1234567890', '2024-02-20', 222, 'Birch Avenue', 'Boston', 'MA', '02108'),
              ('alexGarcia', 'alex789', 'Alex', 'Garcia', 'alex.garcia@gmail.com', '5556667777', '2024-02-18', 333, 'Pine Street', 'Miami', 'FL', '33101'),
		('natalieBrown', 'natalie123', 'Natalie', 'Brown', 'natalie.brown@example.com', '1234567890', '2024-02-21', 444, 'Spruce Avenue', 'New York', 'NY', '10001'),
              ('ryanClark', 'ryan456', 'Ryan', 'Clark', 'ryan.clark@example.com', '9876543210', '2024-02-20', 555, 'Chestnut Street', 'Los Angeles', 'CA', '90001'),
              ('sophiaMiller', 'sophia789', 'Sophia', 'Miller', 'sophia.miller@example.com', '5556667777', '2024-02-18', 666, 'Walnut Street', 'Chicago', 'IL', '60601'),
              ('jacksonLee', 'jackson123', 'Jackson', 'Lee', 'jackson.lee@example.com', '1234567890', '2024-02-21', 777, 'Hickory Avenue', 'Houston', 'TX', '77001'),
              ('emmaGordon', 'emma456', 'Emma', 'Gordon', 'emma.gordon@example.com', '9876543210', '2024-02-20', 888, 'Cypress Street', 'Philadelphia', 'PA', '19019'),
              ('oliviaYoung', 'olivia789', 'Olivia', 'Young', 'olivia.young@example.com', '5556667777', '2024-02-18', 999, 'Maple Avenue', 'Phoenix', 'AZ', '85001'),
              ('noahWright', 'noah123', 'Noah', 'Wright', 'noah.wright@example.com', '1234567890', '2024-02-21', 101, 'Cherry Street', 'San Antonio', 'TX', '78201'),
              ('avaMartin', 'ava456', 'Ava', 'Martin', 'ava.martin@example.com', '9876543210', '2024-02-20', 202, 'Oak Street', 'San Francisco', 'CA', '94101'),
		('michaelBrown', 'michael789', 'Michael', 'Brown', 'michael.brown@example.com', '5556667777', '2024-02-18', 303, 'Birch Street', 'Dallas', 'TX', '75201'),
              ('miaRodriguez', 'mia123', 'Mia', 'Rodriguez', 'mia.rodriguez@example.com', '1234567890', '2024-02-21', 404, 'Elm Avenue', 'Detroit', 'MI', '48201'),
		('johnDoe123', 'doePass123', 'John', 'Doe', 'john.doe@example.com', '1234567890', '2024-02-15', 101, 'Main Street', 'New York', 'NY', '10001'),
		('janeSmith456', 'smithPass456', 'Jane', 'Smith', 'jane.smith@example.com', '9876543210', '2024-02-16', 202, 'Maple Avenue', 'Los Angeles', 'CA', '90001'),
		('mikeJohnson789', 'johnsonPass789', 'Mike', 'Johnson', 'mike.johnson@example.com', '5556667777', '2024-02-17', 303, 'Oak Street', 'Chicago', 'IL', '60601'),
		('susanWilliam2', 'williamsPass123', 'Susan', 'Williams', 'susan.will@example.com', '1234567890', '2024-02-18', 404, 'Cedar Avenue', 'Houston', 'TX', '77001'),
		('davidBrown456', 'brownPass456', 'David', 'Brown', 'david.brown@example.com', '9876543210', '2024-02-19', 505, 'Pine Street', 'Phoenix', 'AZ', '85001'),
		('lauraJones789', 'jonesPass789', 'Laura', 'Jones', 'laura.jones@example.com', '5556667777', '2024-02-20', 606, 'Elm Avenue', 'Philadelphia', 'PA', '19019'),
		('chrisTaylor123', 'taylorPass123', 'Chris', 'Taylor', 'chris.taylor@example.com', '1234567890', '2024-02-21', 707, 'Walnut Street', 'San Antonio', 'TX', '78201'),
		('amandaWilson456', 'wilsonPass456', 'Amanda', 'Wilson', 'amanda.wilson@example.com', '9876543210', '2024-02-22', 808, 'Chestnut Avenue', 'San Francisco', 'CA', '94101'),
		('steveMartin789', 'martinezPass789', 'Steve', 'Martinez', 'steve.martin@example.com', '5556667777', '2024-02-23', 909, 'Spruce Street', 'Seattle', 'WA', '98101'),
		('jenniferLopez1', 'lopezPass123', 'Jennifer', 'Lopez', 'jennifer.l@example.com', '1234567890', '2024-02-24', 1010, 'Birch Avenue', 'Denver', 'CO', '80201'),
		('mattDavis456', 'davisPass456', 'Matt', 'Davis', 'matt.davis@example.com', '9876543210', '2024-02-25', 1111, 'Cypress Street', 'Boston', 'MA', '02101'),
		('sophieJackson9', 'jacksonPass789', 'Sophie', 'Jackson', 'sophie.jack@example.com', '5556667777', '2024-02-26', 1212, 'Oakwood Avenue', 'Detroit', 'MI', '48201'),
		('jasonHarris123', 'harrisPass123', 'Jason', 'Harris', 'jason.harris@example.com', '1234567890', '2024-02-27', 1313, 'Maplewood Avenue', 'Portland', 'OR', '97201'),
		('kellyYoung456', 'youngPass456', 'Kelly', 'Young', 'kelly.young@example.com', '9876543210', '2024-02-28', 1414, 'Pinecrest Avenue', 'Miami', 'FL', '33101'),
		('brandonScott789', 'scottPass789', 'Brandon', 'Scott', 'brandon.scott@example.com', '5556667777', '2024-02-29', 1515, 'Sprucewood Avenue', 'Dallas', 'TX', '75201'),
		('melissaAllen123', 'allenPass123', 'Melissa', 'Allen', 'melissa.allen@example.com', '1234567890', '2024-03-01', 1616, 'Chestnutwood Avenue', 'Atlanta', 'GA', '30301'),
		('justinGreen456', 'greenPass456', 'Justin', 'Green', 'justin.green@example.com', '9876543210', '2024-03-02', 1717, 'Pinewood Avenue', 'Houston', 'TX', '77001'),
		('carolineT789', 'turnerPass789', 'Caroline', 'Turner', 'caroline.t@example.com', '5556667777', '2024-03-03', 1818, 'Mapleleaf Avenue', 'Chicago', 'IL', '60601'),
		('nathanHill123', 'hillPass123', 'Nathan', 'Hill', 'nathan.hill@example.com', '1234567890', '2024-03-04', 1919, 'Elmleaf Avenue', 'Los Angeles', 'CA', '90001'),
		('katieKing456', 'kingPass456', 'Katie', 'King', 'katie.king@example.com', '9876543210', '2024-03-05', 2020, 'Cedarleaf Avenue', 'New York', 'NY', '10001');

-- Insert into ADMIN
INSERT INTO ADMIN (userName, password, firstName, lastName, emailAddress, phoneNumber, registrationDate, streetNo,
			streetName, City, State, zipCode, adminID)
VALUES 	('bookBoy123', 'booksAreFun1', 'Book', 'Boy', 'bookBoy@gmail.com', '1234567890', '2024-02-15', 10, 'Elm Street', 'AllenTown', 'PA', '12345', 'bookAdmin1'),
		('nomadWoman', 'nomad12345', 'Julie', 'Wander', 'julienomad@gmail.com', '9801238473', '2024-02-21', 206, 'Washington Road', 'Marlboro', 'VA', '90176', 'bookAdmin2');


-- Insert into BOOK Tabl
INSERT INTO BOOK (ISBN, Title, Author, Genre, publicationYear, Price, availableQuantity)	
VALUES 	('1234567890123', 'Green Goober', 'Ron Hubbard', 'Comedy', '2014', '20 USD', 50),
		('4234577890555', 'The Secret of Whispering', 'Alice Adams', 'Mystery', '2014', '20 USD', 50),
		('2345678901234', 'Echoes of Eternity', 'Benjamin Brown', 'Fantasy', '2016', '25 USD', 40),
		('3456789012345', 'The Lost Labyrinth', 'Clara Campbell', 'Adventure', '2018', '30 USD', 60),
		('4567890123456', 'Shadows in the Mist', 'David Douglas', 'Thriller', '2015', '18 USD', 55),
		('5678901234567', 'Whispers in the Wind', 'Emma Evans', 'Romance', '2017', '22 USD', 48),
		('6789012345678', 'Sands of Time', 'Franklin Foster', 'Historical Fiction', '2019', '35 USD', 42),
		('7890123456789', 'The Haunting of Hill', 'George Green', 'Horror', '2013', '15 USD', 38),
		('8901234567890', 'The Last Stand', 'Hannah Hughes', 'Action', '2012', '17 USD', 58),
		('9012345678901', 'Forgotten Realms', 'Ian Irving', 'Science Fiction', '2020', '40 USD', 45),
		('0123456789012', 'The Mystic Mirror', 'Jack Jackson', 'Fantasy', '2011', '14 USD', 50),
		('9876543210987', 'Whispers from the Past', 'Kelly King', 'Mystery', '2014', '20 USD', 50),
		('8765432109876', 'The Forgotten City', 'Liam Lewis', 'Adventure', '2016', '25 USD', 40),
		('7654321098765', 'The Cursed Crown', 'Megan Miller', 'Fantasy', '2018', '30 USD', 60),
		('6543210987654', 'Echoes of Hope', 'Nathan Nelson', 'Romance', '2015', '18 USD', 55),
		('5432109876543', 'The Silent Sanctuary', 'Olivia Oliver', 'Mystery', '2017', '22 USD', 48),
		('4321098765432', 'Shadow of the Sphinx', 'Peter Parker', 'Historical Fiction', '2019', '35 USD', 42),
		('3210987654321', 'The Enchanted Forest', 'Quinn Quinn', 'Fantasy', '2013', '15 USD', 38),
		('2109876543210', 'The Whispering Willow', 'Ryan Ross', 'Adventure', '2012', '17 USD', 58),
		('1098765432109', 'The Frozen Frontier', 'Sarah Smith', 'Science Fiction', '2020', '40 USD', 45),
		('0987654321098', 'Echoes of Destiny', 'Thomas Turner', 'Action', '2011', '14 USD', 50),
		('9876543210123', 'The Secret Garden', 'Ursula Underwood', 'Fantasy', '2014', '20 USD', 50),
		('8765432101234', 'The Forbidden Forest', 'Victor Vincent', 'Mystery', '2016', '25 USD', 40),
		('7654321092345', 'Whispers of Wisdom', 'Wendy Wilson', 'Adventure', '2018', '30 USD', 60),
		('6543210983456', 'The Last of the Guardians', 'Xavier Xander', 'Fantasy', '2015', '18 USD', 55),
		('5432109874567', 'Whispers in the Dark', 'Yvonne Yates', 'Mystery', '2017', '22 USD', 48),
		('4321098765678', 'The Dragon Lair', 'Zachary Zimmerman', 'Adventure', '2019', '35 USD', 42),
		('3210987656789', 'Whispers of the Sea', 'Alice Adams', 'Romance', '2013', '15 USD', 38),
		('2109876547890', 'The Forbidden City', 'Benjamin Brown', 'Action', '2012', '17 USD', 58),
		('1098765438901', 'Echoes of Rebellion', 'Clara Campbell', 'Science Fiction', '2020', '40 USD', 45),
		('0987654329012', 'The Ghost of Graystone', 'David Douglas', 'Mystery', '2011', '14 USD', 50),
		('1234567899876', 'Whispers of War', 'Emma Evans', 'Fantasy', '2014', '20 USD', 50),
		('2345678908765', 'The Haunted Hill', 'Franklin Foster', 'Horror', '2016', '25 USD', 40),
		('3456789017654', 'The Forbidden Tome', 'George Green', 'Thriller', '2018', '30 USD', 60);




-- Insert into PAYMENT Table
INSERT INTO PAYMENT (paymentID, paymentDate, paymentMethod, transactionStatus)	
VALUES 	('001aaa', '2024-02-15', 'credit card', 'successful'),
		('002aab', '2024-02-16', 'paypal', 'successful'),
		('003aac', '2024-02-17', 'debit card', 'successful'),
		('004aad', '2024-02-18', 'credit card', 'successful'),
		('005aae', '2024-02-19', 'paypal', 'successful'),
		('006aaf', '2024-02-20', 'credit card', 'pending'),
		('007aag', '2024-02-21', 'debit card', 'successful'),
		('008aah', '2024-02-22', 'credit card', 'successful'),
		('009aai', '2024-02-23', 'paypal', 'successful'),
		('010aaj', '2024-02-24', 'credit card', 'failed'),
		('011aak', '2024-02-25', 'debit card', 'successful'),
		('012aal', '2024-02-26', 'credit card', 'successful'),
		('013aam', '2024-02-27', 'paypal', 'successful'),
		('014aan', '2024-02-28', 'credit card', 'successful'),
		('015aao', '2024-02-29', 'credit card', 'successful'),
		('016aap', '2024-03-01', 'credit card', 'successful'),
		('017aaq', '2024-03-02', 'paypal', 'pending'),
		('018aar', '2024-03-03', 'credit card', 'successful'),
		('019aas', '2024-03-04', 'credit card', 'successful'),
		('020aat', '2024-03-05', 'debit card', 'failed'),
		('021aau', '2024-03-06', 'credit card', 'successful'),
		('022aav', '2024-03-07', 'paypal', 'successful'),
		('023aaw', '2024-03-08', 'credit card', 'successful'),
		('024aax', '2024-03-09', 'credit card', 'pending'),
		('025aay', '2024-03-10', 'debit card', 'successful'),
		('026aaz', '2024-03-11', 'credit card', 'successful'),
		('027aba', '2024-03-12', 'paypal', 'failed'),
		('028abb', '2024-03-13', 'credit card', 'successful'),
		('029abc', '2024-03-14', 'credit card', 'successful'),
		('030abd', '2024-03-15', 'credit card', 'successful'),
		('031abe', '2024-03-16', 'paypal', 'successful'),
		('032abf', '2024-03-17', 'credit card', 'successful'),
		('033abg', '2024-03-18', 'credit card', 'pending'),
		('034abh', '2024-03-19', 'debit card', 'successful'),
		('035abi', '2024-03-20', 'credit card', 'successful'),
		('036abj', '2024-03-21', 'paypal', 'failed'),
		('037abk', '2024-03-22', 'credit card', 'successful'),
		('038abl', '2024-03-23', 'credit card', 'successful'),
		('039abm', '2024-03-24', 'credit card', 'successful'),
		('040abn', '2024-03-25', 'paypal', 'successful'),
		('041abo', '2024-03-26', 'credit card', 'successful'),
		('042abp', '2024-03-27', 'credit card', 'pending');


-- Insert into ORDER Table
INSERT INTO `ORDER` (orderID, Description, orderDate)	
VALUES ('005', 'orderNo5', '2024-02-15'),
       ('006', 'orderNo6', '2024-02-16'),
       ('007', 'orderNo7', '2024-02-17'),
       ('008', 'orderNo8', '2024-02-18'),
       ('009', 'orderNo9', '2024-02-19'),
       ('010', 'orderNo10', '2024-02-20'),
       ('011', 'orderNo11', '2024-02-21'),
       ('012', 'orderNo12', '2024-02-22'),
       ('013', 'orderNo13', '2024-02-23'),
       ('014', 'orderNo14', '2024-02-24'),
       ('015', 'orderNo15', '2024-02-25'),
       ('016', 'orderNo16', '2024-02-26'),
       ('017', 'orderNo17', '2024-02-27'),
       ('018', 'orderNo18', '2024-02-28'),
       ('019', 'orderNo19', '2024-02-29'),
       ('020', 'orderNo20', '2024-03-01'),
       ('021', 'orderNo21', '2024-03-02'),
       ('022', 'orderNo22', '2024-03-03'),
       ('023', 'orderNo23', '2024-03-04'),
       ('024', 'orderNo24', '2024-03-05'),
       ('025', 'orderNo25', '2024-03-06'),
       ('026', 'orderNo26', '2024-03-07'),
       ('027', 'orderNo27', '2024-03-08');


-- Insert into CART Table
INSERT INTO CART (orderID, numberOfBooks)	
VALUES ('005', 5),
       ('006', 2),
       ('007', 3),
       ('008', 1),
       ('009', 4),
       ('010', 2),
       ('011', 3),
       ('012', 1),
       ('013', 2),
       ('014', 5),
       ('015', 3),
       ('016', 2),
       ('017', 4),
       ('018', 1),
       ('019', 3),
       ('020', 2),
       ('021', 5),
       ('022', 3),
       ('023', 2),
       ('024', 1),
       ('025', 4),
       ('026', 2),
       ('027', 3);


-- Insert into CONTAINS Table
INSERT INTO CONTAINS (ISBN, orderID)	
VALUES ('1234567890123', '005'),
       ('2345678901234', '006'),
       ('3456789012345', '007'),
       ('4567890123456', '008'),
       ('5678901234567', '009'),
       ('6789012345678', '010'),
       ('7890123456789', '011'),
       ('8901234567890', '012'),
       ('9012345678901', '013'),
       ('0123456789012', '014'),
       ('9876543210987', '015'),
       ('8765432109876', '016'),
       ('7654321098765', '017'),
       ('6543210987654', '018'),
       ('5432109876543', '019'),
       ('4321098765432', '020'),
       ('3210987654321', '021'),
       ('2109876543210', '022'),
       ('1098765432109', '023'),
       ('0987654321098', '024'),
       ('9876543210123', '025'),
       ('8765432101234', '026'),
       ('7654321092345', '027');


-- Insert into HAS Table
INSERT INTO HAS (userName, paymentID)	
VALUES ('bookBoy123', '001aaa'),
       ('nomadWoman', '002aab'),
       ('judyBoots', '003aac'),
       ('alGal3', '004aad'),
       ('jeffyjeff', '005aae'),
       ('zachMack', '006aaf'),
       ('saraSmith', '007aag'),
       ('markBarker', '008aah'),
       ('lisaLopez', '009aai'),
       ('samJohnson', '010aaj'),
       ('emilyWhite', '011aak'),
       ('alexGarcia', '012aal'),
       ('natalieBrown', '013aam'),
       ('ryanClark', '014aan'),
       ('sophiaMiller', '015aao'),
       ('jacksonLee', '016aap'),
       ('emmaGordon', '017aaq'),
       ('oliviaYoung', '018aar'),
       ('noahWright', '019aas'),
       ('avaMartin', '020aat'),
       ('michaelBrown', '021aau'),
       ('miaRodriguez', '022aav'),
       ('johnDoe123', '023aaw'),
       ('janeSmith456', '024aax'),
       ('mikeJohnson789', '025aay'),
       ('susanWilliam2', '026aaz'),
       ('davidBrown456', '027aba'),
       ('lauraJones789', '028abb'),
       ('chrisTaylor123', '029abc'),
       ('amandaWilson456', '030abd'),
       ('steveMartin789', '031abe'),
       ('jenniferLopez1', '032abf'),
       ('mattDavis456', '033abg'),
       ('sophieJackson9', '034abh'),
       ('jasonHarris123', '035abi'),
       ('kellyYoung456', '036abj'),
       ('brandonScott789', '037abk'),
       ('melissaAllen123', '038abl'),
       ('justinGreen456', '039abm'),
       ('carolineT789', '040abn'),
       ('nathanHill123', '041abo'),
       ('katieKing456', '042abp');

-- Insert into ASSOC_WITH Table
INSERT INTO ASSOC_WITH (orderID, numberOfBooks)	
VALUES ('005', 5),
       ('006', 2),
       ('007', 3),
       ('008', 1),
       ('009', 4),
       ('010', 2),
       ('011', 3),
       ('012', 1),
       ('013', 2),
       ('014', 5),
       ('015', 3),
       ('016', 2),
       ('017', 4),
       ('018', 1),
       ('019', 3),
       ('020', 2),
       ('021', 5),
       ('022', 3),
       ('023', 2),
       ('024', 1),
       ('025', 4),
       ('026', 2),
       ('027', 3);


/*
*******************************************************************************
*********************** IGNORE ************************************************
*******************************************************************************
*/
-- Insert into UPDATE_QTY Table
-- INSERT IGNORE INTO UPDATE_QTY (userName, ISBN)	
-- VALUES ('bookBoy123', '1234567890123');
/*
*******************************************************************************
************************ IGNORE ***********************************************
*******************************************************************************
*/


-- Insert into CREATE Table
INSERT INTO `CREATE` (userName, orderID)	
VALUES ('bookBoy123', '005'),
       ('nomadWoman', '006'),
       ('judyBoots', '007'),
       ('alGal3', '008'),
       ('jeffyjeff', '009'),
       ('zachMack', '010'),
       ('saraSmith', '011'),
       ('markBarker', '012'),
       ('lisaLopez', '013'),
       ('samJohnson', '014'),
       ('emilyWhite', '015'),
       ('alexGarcia', '016'),
       ('natalieBrown', '017'),
       ('ryanClark', '018'),
       ('sophiaMiller', '019'),
       ('jacksonLee', '020'),
       ('emmaGordon', '021'),
       ('oliviaYoung', '022'),
       ('noahWright', '023'),
       ('avaMartin', '024'),
       ('michaelBrown', '025'),
       ('miaRodriguez', '026'),
       ('johnDoe123', '027');


-- Insert into PAY_FOR Table
INSERT INTO PAY_FOR (paymentID, orderID)	
VALUES ('001aaa', '005'),
       ('002aab', '006'),
       ('003aac', '007'),
       ('004aad', '008'),
       ('005aae', '009'),
       ('006aaf', '010'),
       ('007aag', '011'),
       ('008aah', '012'),
       ('009aai', '013'),
       ('010aaj', '014'),
       ('011aak', '015'),
       ('012aal', '016'),
       ('013aam', '017'),
       ('014aan', '018'),
       ('015aao', '019'),
       ('016aap', '020'),
       ('017aaq', '021'),
       ('018aar', '022'),
       ('019aas', '023'),
       ('020aat', '024'),
       ('021aau', '025'),
       ('022aav', '026'),
       ('023aaw', '027');